id	age	gender	time_spent	platform	interests	location	profession	income
1	56	male	3	Instagram	Sports	UK	Software Engineer	19774
2	46	female	2	Facebook	Travel	UK	Student	10564
3	32	male	8	Instagram	Sports	Australia	Marketer Manager	13258
4	60	non-binary	5	Instagram	Travel	UK	Student	12500
5	25	male	1	Instagram	Lifestlye	Australia	Software Engineer	14566
6	38	male	3	Facebook	Travel	United States	Marketer Manager	19179
7	56	male	8	YouTube	Sports	United States	Student	16881
8	36	male	4	Instagram	Sports	Australia	Marketer Manager	13636
9	40	non-binary	7	YouTube	Lifestlye	Australia	Marketer Manager	16030
10	28	non-binary	2	Instagram	Sports	Australia	Marketer Manager	10223
11	28	female	7	YouTube	Lifestlye	UK	Student	16297
12	41	non-binary	5	Facebook	Sports	United States	Marketer Manager	10350
13	53	non-binary	5	Facebook	Sports	Australia	Student	17314
14	57	female	6	Instagram	Lifestlye	UK	Software Engineer	11928
15	41	non-binary	9	YouTube	Travel	United States	Student	17743
16	20	male	6	Facebook	Sports	UK	Software Engineer	18540
17	39	male	8	Instagram	Travel	United States	Student	14732
18	19	female	7	Instagram	Sports	UK	Marketer Manager	11017
19	41	female	9	Facebook	Sports	United States	Student	12226
20	61	female	4	Facebook	Sports	United States	Marketer Manager	17206
21	47	male	2	Instagram	Sports	UK	Software Engineer	17170
22	55	non-binary	7	YouTube	Travel	Australia	Student	16207
23	19	male	6	YouTube	Travel	United States	Marketer Manager	12419
24	38	female	1	YouTube	Sports	Australia	Software Engineer	16240
25	50	non-binary	9	Instagram	Sports	UK	Software Engineer	11893
26	29	non-binary	9	Facebook	Travel	Australia	Student	15322
27	39	male	2	Instagram	Lifestlye	Australia	Software Engineer	17718
28	61	female	3	Facebook	Lifestlye	Australia	Marketer Manager	16878
29	42	male	5	YouTube	Travel	Australia	Software Engineer	11125
30	44	non-binary	5	YouTube	Sports	Australia	Software Engineer	13117
31	59	male	1	Facebook	Sports	United States	Marketer Manager	14161
32	45	male	8	Facebook	Lifestlye	United States	Software Engineer	14042
33	33	female	8	Instagram	Lifestlye	United States	Software Engineer	14433
34	32	female	4	YouTube	Travel	UK	Software Engineer	18638
35	64	non-binary	7	Instagram	Lifestlye	Australia	Software Engineer	12658
36	61	male	3	Instagram	Travel	United States	Marketer Manager	13483
37	20	male	6	Instagram	Lifestlye	UK	Software Engineer	12944
38	54	male	9	YouTube	Lifestlye	United States	Marketer Manager	17210
39	24	non-binary	1	Instagram	Lifestlye	United States	Software Engineer	17653
40	38	non-binary	5	Instagram	Sports	Australia	Software Engineer	18787
41	26	female	4	Instagram	Sports	UK	Software Engineer	11986
42	56	female	8	Instagram	Sports	Australia	Software Engineer	11074
43	35	female	1	Instagram	Lifestlye	Australia	Marketer Manager	14305
44	21	male	9	Instagram	Travel	United States	Marketer Manager	13007
45	42	male	6	YouTube	Travel	Australia	Marketer Manager	10969
46	31	female	4	Instagram	Travel	UK	Student	18772
47	26	male	9	Facebook	Travel	Australia	Software Engineer	12824
48	43	female	5	Instagram	Sports	Australia	Software Engineer	11211
49	19	non-binary	5	Instagram	Sports	Australia	Marketer Manager	10229
50	37	female	5	YouTube	Lifestlye	United States	Student	14284
51	45	non-binary	1	YouTube	Lifestlye	UK	Software Engineer	13185
52	64	male	1	Facebook	Travel	United States	Marketer Manager	10501
53	24	female	8	Facebook	Sports	United States	Software Engineer	10048
54	61	male	8	YouTube	Travel	United States	Software Engineer	13566
55	25	non-binary	6	YouTube	Lifestlye	United States	Marketer Manager	13055
56	64	non-binary	4	Instagram	Lifestlye	United States	Marketer Manager	18880
57	52	non-binary	2	YouTube	Travel	UK	Software Engineer	10386
58	31	male	2	Facebook	Lifestlye	Australia	Software Engineer	10969
59	34	male	9	Instagram	Travel	United States	Marketer Manager	19197
60	53	male	5	Facebook	Sports	United States	Software Engineer	15820
61	57	male	4	Instagram	Travel	UK	Software Engineer	13052
62	21	non-binary	1	YouTube	Sports	UK	Marketer Manager	17397
63	19	non-binary	7	Facebook	Sports	Australia	Software Engineer	12302
64	23	female	3	Instagram	Lifestlye	UK	Software Engineer	12283
65	59	female	6	Instagram	Lifestlye	Australia	Student	19799
66	21	male	5	YouTube	Lifestlye	United States	Marketer Manager	14366
67	46	non-binary	5	YouTube	Travel	United States	Student	10122
68	35	non-binary	5	YouTube	Travel	Australia	Student	16799
69	43	non-binary	1	Facebook	Lifestlye	UK	Student	19472
70	61	female	1	Instagram	Travel	Australia	Software Engineer	13727
71	51	female	3	YouTube	Lifestlye	UK	Software Engineer	18450
72	27	non-binary	4	Facebook	Travel	United States	Student	19139
73	53	non-binary	5	Facebook	Sports	UK	Student	14958
74	31	non-binary	2	Facebook	Sports	Australia	Student	10524
75	48	female	8	YouTube	Lifestlye	Australia	Software Engineer	19079
76	32	non-binary	2	YouTube	Travel	United States	Student	18399
77	25	non-binary	9	Instagram	Travel	UK	Student	10148
78	31	male	2	Instagram	Sports	UK	Marketer Manager	18001
79	40	male	9	YouTube	Sports	UK	Marketer Manager	10437
80	57	female	7	Facebook	Lifestlye	United States	Software Engineer	13749
81	38	non-binary	8	Facebook	Sports	UK	Marketer Manager	18186
82	33	non-binary	2	Facebook	Lifestlye	Australia	Marketer Manager	14453
83	62	male	7	Instagram	Sports	UK	Marketer Manager	15336
84	35	female	6	Facebook	Sports	United States	Software Engineer	14551
85	64	male	4	Instagram	Travel	UK	Marketer Manager	12823
86	41	male	7	Instagram	Sports	UK	Software Engineer	15728
87	43	male	4	Facebook	Sports	Australia	Student	18677
88	42	male	2	Facebook	Lifestlye	UK	Marketer Manager	18391
89	62	non-binary	7	YouTube	Sports	Australia	Software Engineer	11982
90	58	non-binary	8	YouTube	Lifestlye	Australia	Marketer Manager	16996
91	46	male	2	Facebook	Sports	United States	Student	19663
92	32	female	5	Instagram	Sports	Australia	Software Engineer	12311
93	62	female	1	Instagram	Lifestlye	Australia	Software Engineer	17225
94	18	female	7	Instagram	Travel	United States	Software Engineer	19713
95	42	female	8	Instagram	Lifestlye	Australia	Student	10604
96	24	male	6	Instagram	Lifestlye	United States	Student	18175
97	26	non-binary	5	YouTube	Lifestlye	UK	Student	15785
98	41	female	6	Facebook	Travel	United States	Software Engineer	19609
99	18	male	2	YouTube	Sports	Australia	Student	14597
100	61	female	1	Instagram	Lifestlye	United States	Marketer Manager	17759
101	25	female	7	Instagram	Lifestlye	Australia	Student	17532
102	41	male	7	Instagram	Travel	UK	Software Engineer	18740
103	28	non-binary	2	Instagram	Lifestlye	United States	Marketer Manager	10838
104	34	non-binary	2	Facebook	Sports	UK	Student	13815
105	25	male	1	Instagram	Travel	Australia	Marketer Manager	10847
106	52	non-binary	8	Facebook	Sports	Australia	Marketer Manager	14709
107	52	male	8	Instagram	Sports	UK	Software Engineer	14507
108	50	male	1	Facebook	Travel	United States	Marketer Manager	16575
109	22	male	8	YouTube	Lifestlye	United States	Marketer Manager	14773
110	59	non-binary	9	Instagram	Sports	Australia	Software Engineer	14468
111	56	male	4	Facebook	Sports	UK	Software Engineer	15192
112	58	female	1	YouTube	Sports	UK	Software Engineer	13320
113	45	non-binary	1	Instagram	Sports	United States	Marketer Manager	14698
114	24	non-binary	3	Instagram	Travel	United States	Marketer Manager	14311
115	26	non-binary	5	Instagram	Travel	United States	Marketer Manager	13673
116	25	non-binary	5	Facebook	Sports	UK	Software Engineer	11564
117	29	female	9	Facebook	Lifestlye	United States	Student	11840
118	51	non-binary	2	YouTube	Sports	United States	Marketer Manager	16058
119	50	non-binary	2	Facebook	Lifestlye	Australia	Student	17131
120	40	male	6	Facebook	Sports	United States	Software Engineer	10726
121	41	non-binary	9	Instagram	Lifestlye	United States	Marketer Manager	19436
122	54	female	1	Instagram	Sports	UK	Student	16697
123	52	female	9	Instagram	Lifestlye	UK	Marketer Manager	19257
124	61	female	9	Instagram	Sports	Australia	Marketer Manager	10282
125	57	female	9	Instagram	Sports	United States	Marketer Manager	11081
126	39	non-binary	5	Instagram	Lifestlye	Australia	Student	13885
127	44	non-binary	9	Instagram	Travel	UK	Software Engineer	12881
128	52	female	4	YouTube	Lifestlye	Australia	Marketer Manager	12970
129	18	female	2	YouTube	Travel	UK	Software Engineer	19344
130	52	non-binary	6	YouTube	Sports	Australia	Software Engineer	16985
131	54	female	4	YouTube	Lifestlye	Australia	Student	10947
132	64	male	6	Instagram	Lifestlye	United States	Student	14760
133	31	female	3	YouTube	Lifestlye	Australia	Software Engineer	19909
134	20	female	6	Instagram	Travel	United States	Marketer Manager	10066
135	18	male	2	YouTube	Travel	United States	Student	18828
136	22	male	2	Facebook	Sports	United States	Marketer Manager	18505
137	43	non-binary	9	YouTube	Travel	United States	Marketer Manager	10564
138	31	non-binary	7	YouTube	Travel	Australia	Marketer Manager	19793
139	56	male	3	Instagram	Sports	UK	Software Engineer	19017
140	44	male	1	YouTube	Lifestlye	UK	Marketer Manager	13670
141	26	non-binary	8	Facebook	Lifestlye	UK	Software Engineer	19217
142	32	female	6	Instagram	Sports	Australia	Software Engineer	12251
143	32	male	7	Instagram	Lifestlye	United States	Marketer Manager	10804
144	43	non-binary	9	YouTube	Travel	UK	Marketer Manager	14631
145	59	female	5	Instagram	Sports	Australia	Marketer Manager	19583
146	30	male	1	Instagram	Sports	United States	Marketer Manager	11235
147	49	female	7	Instagram	Sports	UK	Software Engineer	16720
148	56	non-binary	5	Instagram	Lifestlye	United States	Marketer Manager	16906
149	49	male	3	Instagram	Sports	UK	Marketer Manager	16016
150	21	female	9	Instagram	Sports	UK	Software Engineer	13549
151	47	male	1	Facebook	Sports	UK	Student	17938
152	54	female	1	YouTube	Lifestlye	United States	Student	14141
153	40	non-binary	1	Facebook	Travel	Australia	Software Engineer	16966
154	56	non-binary	3	Instagram	Sports	United States	Student	19546
155	62	male	6	Instagram	Travel	UK	Software Engineer	15335
156	32	female	3	YouTube	Lifestlye	United States	Marketer Manager	15077
157	60	male	8	Facebook	Lifestlye	Australia	Marketer Manager	15611
158	46	male	2	YouTube	Lifestlye	United States	Student	18089
159	53	female	9	Facebook	Lifestlye	Australia	Marketer Manager	12892
160	30	female	3	Instagram	Travel	Australia	Student	15577
161	49	female	5	YouTube	Sports	United States	Student	13618
162	24	non-binary	8	YouTube	Lifestlye	UK	Marketer Manager	11559
163	39	male	2	Instagram	Lifestlye	Australia	Marketer Manager	16683
164	45	male	6	YouTube	Travel	United States	Student	11507
165	19	non-binary	5	Facebook	Travel	Australia	Marketer Manager	12063
166	59	female	9	Facebook	Lifestlye	UK	Software Engineer	13642
167	62	non-binary	5	Facebook	Sports	United States	Marketer Manager	12000
168	23	non-binary	2	Facebook	Sports	United States	Marketer Manager	11294
169	45	non-binary	5	Instagram	Lifestlye	United States	Software Engineer	14065
170	45	male	4	YouTube	Travel	UK	Marketer Manager	18014
171	61	non-binary	7	Facebook	Lifestlye	Australia	Marketer Manager	19945
172	61	male	6	Instagram	Lifestlye	United States	Student	11603
173	37	male	2	YouTube	Travel	Australia	Marketer Manager	11322
174	47	male	5	YouTube	Lifestlye	Australia	Marketer Manager	15956
175	28	female	7	Instagram	Lifestlye	UK	Software Engineer	12441
176	45	male	7	Instagram	Lifestlye	United States	Student	11098
177	42	male	5	Facebook	Travel	Australia	Student	15073
178	56	female	9	YouTube	Sports	United States	Student	19697
179	50	male	4	YouTube	Sports	United States	Marketer Manager	19318
180	18	non-binary	3	Instagram	Travel	UK	Student	18488
181	44	non-binary	4	YouTube	Sports	United States	Software Engineer	13787
182	30	male	5	Facebook	Lifestlye	United States	Student	12096
183	58	female	6	YouTube	Sports	Australia	Software Engineer	12208
184	20	non-binary	3	Instagram	Lifestlye	UK	Student	15988
185	56	female	2	Instagram	Sports	United States	Student	10175
186	23	female	4	Facebook	Travel	Australia	Software Engineer	17169
187	25	non-binary	5	Facebook	Sports	UK	Student	16014
188	44	female	4	YouTube	Sports	UK	Student	11667
189	26	non-binary	3	YouTube	Sports	Australia	Student	18867
190	54	female	8	Instagram	Travel	Australia	Marketer Manager	11823
191	50	non-binary	4	Facebook	Sports	Australia	Software Engineer	15147
192	59	male	2	Facebook	Travel	Australia	Student	11356
193	61	non-binary	2	Facebook	Lifestlye	Australia	Software Engineer	13072
194	41	non-binary	1	YouTube	Sports	United States	Software Engineer	13259
195	32	non-binary	4	Facebook	Travel	United States	Software Engineer	16199
196	49	non-binary	9	Instagram	Travel	UK	Student	10546
197	49	female	7	Instagram	Sports	United States	Student	15231
198	41	male	7	YouTube	Lifestlye	United States	Software Engineer	17965
199	58	non-binary	7	YouTube	Travel	United States	Marketer Manager	12083
200	29	female	8	Facebook	Sports	Australia	Software Engineer	12040
201	56	male	1	YouTube	Lifestlye	UK	Marketer Manager	14534
202	19	male	8	Instagram	Travel	UK	Software Engineer	11752
203	20	male	4	Facebook	Travel	UK	Software Engineer	19807
204	54	male	4	Instagram	Lifestlye	UK	Software Engineer	11849
205	34	non-binary	4	Facebook	Lifestlye	United States	Student	12642
206	19	non-binary	6	YouTube	Sports	United States	Marketer Manager	11600
207	19	female	7	Facebook	Sports	Australia	Marketer Manager	14402
208	45	female	6	Facebook	Travel	UK	Software Engineer	13799
209	40	female	1	Instagram	Lifestlye	United States	Student	10618
210	54	male	8	Instagram	Lifestlye	United States	Student	11132
211	49	male	7	Facebook	Lifestlye	Australia	Marketer Manager	15491
212	50	non-binary	6	YouTube	Travel	Australia	Student	15795
213	18	male	6	YouTube	Lifestlye	Australia	Marketer Manager	17633
214	36	male	5	Instagram	Lifestlye	United States	Marketer Manager	11487
215	19	male	6	YouTube	Travel	United States	Marketer Manager	17848
216	61	female	9	Instagram	Sports	Australia	Student	15009
217	43	female	9	YouTube	Sports	UK	Marketer Manager	19749
218	49	non-binary	8	Facebook	Travel	Australia	Marketer Manager	12113
219	23	male	9	Instagram	Lifestlye	Australia	Software Engineer	11044
220	49	male	8	Instagram	Travel	Australia	Marketer Manager	12431
221	21	non-binary	8	Facebook	Sports	Australia	Marketer Manager	17979
222	28	male	1	Instagram	Sports	United States	Software Engineer	11582
223	34	male	5	YouTube	Travel	UK	Software Engineer	11308
224	55	female	4	YouTube	Travel	Australia	Student	14917
225	41	non-binary	2	Instagram	Sports	UK	Marketer Manager	18793
226	22	non-binary	8	YouTube	Travel	UK	Student	11620
227	51	non-binary	3	Instagram	Sports	UK	Student	17503
228	23	non-binary	4	Facebook	Travel	Australia	Software Engineer	14766
229	39	female	7	Instagram	Travel	United States	Student	15362
230	28	female	9	Facebook	Travel	Australia	Marketer Manager	15192
231	33	male	2	YouTube	Sports	UK	Software Engineer	16622
232	50	male	3	Facebook	Travel	UK	Marketer Manager	16093
233	26	male	4	YouTube	Sports	United States	Marketer Manager	16704
234	23	male	1	Instagram	Sports	Australia	Software Engineer	10100
235	33	female	7	YouTube	Travel	UK	Marketer Manager	16657
236	46	non-binary	2	Instagram	Travel	United States	Software Engineer	15875
237	20	female	5	Instagram	Sports	UK	Marketer Manager	14271
238	37	male	1	Facebook	Sports	United States	Software Engineer	10237
239	53	female	3	Facebook	Lifestlye	United States	Student	17226
240	36	non-binary	2	Facebook	Sports	Australia	Marketer Manager	18032
241	43	non-binary	1	Facebook	Lifestlye	UK	Software Engineer	15218
242	20	female	7	YouTube	Lifestlye	Australia	Marketer Manager	14025
243	36	female	5	YouTube	Lifestlye	UK	Marketer Manager	16073
244	37	female	1	YouTube	Travel	Australia	Marketer Manager	12542
245	49	male	6	Instagram	Travel	UK	Software Engineer	11537
246	24	female	5	YouTube	Sports	Australia	Student	10754
247	58	female	3	YouTube	Lifestlye	United States	Student	17396
248	50	female	7	YouTube	Travel	UK	Student	17823
249	57	non-binary	9	Facebook	Travel	UK	Software Engineer	15507
250	56	non-binary	9	YouTube	Travel	United States	Student	14235
251	35	male	9	Instagram	Travel	Australia	Software Engineer	10540
252	57	male	2	Facebook	Travel	UK	Marketer Manager	15510
253	18	non-binary	3	Instagram	Lifestlye	UK	Marketer Manager	18461
254	28	non-binary	7	YouTube	Lifestlye	Australia	Student	17926
255	45	non-binary	5	Facebook	Lifestlye	United States	Software Engineer	15131
256	42	female	2	Instagram	Lifestlye	Australia	Marketer Manager	18697
257	40	female	3	YouTube	Sports	Australia	Software Engineer	11129
258	48	non-binary	6	Instagram	Lifestlye	Australia	Software Engineer	13145
259	47	female	7	Instagram	Travel	UK	Marketer Manager	18553
260	59	female	9	Instagram	Lifestlye	United States	Software Engineer	13720
261	52	male	1	YouTube	Sports	United States	Marketer Manager	19648
262	24	non-binary	7	YouTube	Travel	Australia	Marketer Manager	14067
263	33	non-binary	8	Instagram	Lifestlye	UK	Marketer Manager	14195
264	43	female	3	Facebook	Lifestlye	Australia	Software Engineer	19873
265	19	non-binary	4	Facebook	Lifestlye	UK	Marketer Manager	19244
266	18	male	6	YouTube	Travel	UK	Software Engineer	17281
267	29	male	7	YouTube	Travel	UK	Marketer Manager	12509
268	22	male	4	YouTube	Sports	UK	Marketer Manager	15016
269	54	non-binary	8	YouTube	Travel	United States	Student	16533
270	49	non-binary	5	YouTube	Travel	UK	Student	14727
271	26	non-binary	1	Facebook	Lifestlye	UK	Student	10681
272	58	non-binary	4	YouTube	Travel	Australia	Software Engineer	13932
273	52	non-binary	3	Instagram	Lifestlye	Australia	Software Engineer	15560
274	36	male	9	Instagram	Lifestlye	United States	Marketer Manager	14016
275	33	female	8	Facebook	Travel	Australia	Marketer Manager	17339
276	20	male	1	Instagram	Sports	UK	Marketer Manager	10719
277	37	non-binary	6	Facebook	Sports	Australia	Marketer Manager	10074
278	41	male	9	Facebook	Travel	United States	Software Engineer	19485
279	50	non-binary	7	Instagram	Sports	Australia	Marketer Manager	14157
280	41	non-binary	4	YouTube	Lifestlye	Australia	Marketer Manager	18511
281	28	male	1	Instagram	Lifestlye	United States	Student	12149
282	25	non-binary	2	Instagram	Travel	United States	Marketer Manager	19644
283	53	female	5	Facebook	Sports	UK	Marketer Manager	19747
284	55	non-binary	5	Instagram	Sports	Australia	Marketer Manager	16713
285	57	female	8	Facebook	Lifestlye	UK	Software Engineer	14207
286	37	female	6	YouTube	Travel	Australia	Student	17141
287	52	non-binary	8	YouTube	Sports	Australia	Marketer Manager	18652
288	42	male	2	YouTube	Travel	UK	Marketer Manager	19078
289	52	female	3	Instagram	Sports	Australia	Student	13936
290	42	male	6	Facebook	Lifestlye	Australia	Marketer Manager	19307
291	46	female	3	YouTube	Lifestlye	Australia	Software Engineer	11075
292	35	non-binary	6	Facebook	Travel	United States	Marketer Manager	13876
293	63	non-binary	6	Facebook	Lifestlye	UK	Software Engineer	14615
294	35	female	2	YouTube	Sports	United States	Software Engineer	17265
295	19	non-binary	7	YouTube	Lifestlye	UK	Marketer Manager	16379
296	52	female	2	Facebook	Travel	UK	Student	19118
297	33	non-binary	6	YouTube	Travel	Australia	Software Engineer	14652
298	58	male	1	Facebook	Travel	UK	Student	16792
299	53	non-binary	3	Facebook	Sports	United States	Marketer Manager	19247
300	50	male	2	YouTube	Sports	United States	Software Engineer	17456
301	21	non-binary	7	Instagram	Sports	United States	Marketer Manager	14674
302	50	male	4	YouTube	Sports	UK	Student	10541
303	31	non-binary	8	Instagram	Sports	United States	Marketer Manager	12161
304	38	male	6	Facebook	Lifestlye	UK	Marketer Manager	12251
305	37	female	4	Facebook	Sports	United States	Software Engineer	19244
306	25	female	5	Instagram	Sports	United States	Marketer Manager	14569
307	24	male	9	Facebook	Lifestlye	UK	Marketer Manager	12744
308	20	non-binary	7	Instagram	Sports	United States	Marketer Manager	16041
309	34	male	9	Instagram	Travel	Australia	Software Engineer	14675
310	50	non-binary	7	Facebook	Sports	UK	Student	11560
311	29	female	1	Instagram	Sports	UK	Student	11164
312	39	non-binary	8	YouTube	Travel	UK	Marketer Manager	15419
313	39	female	4	YouTube	Travel	Australia	Software Engineer	12722
314	63	non-binary	3	Facebook	Travel	UK	Marketer Manager	10470
315	47	non-binary	7	Facebook	Travel	United States	Student	19608
316	55	non-binary	3	Instagram	Sports	United States	Software Engineer	11468
317	55	male	8	Instagram	Travel	United States	Student	17925
318	62	male	6	Instagram	Travel	UK	Student	10808
319	25	female	5	Instagram	Lifestlye	United States	Software Engineer	18363
320	44	female	4	YouTube	Travel	UK	Software Engineer	16719
321	44	male	8	YouTube	Travel	United States	Marketer Manager	15073
322	51	female	8	Facebook	Lifestlye	Australia	Marketer Manager	18012
323	38	male	1	Instagram	Lifestlye	Australia	Student	11645
324	47	non-binary	9	Instagram	Sports	Australia	Software Engineer	18249
325	50	female	5	Facebook	Lifestlye	Australia	Software Engineer	11129
326	45	female	4	Instagram	Sports	UK	Marketer Manager	11353
327	64	male	6	Instagram	Lifestlye	United States	Student	10767
328	50	female	6	Instagram	Lifestlye	Australia	Student	13895
329	22	female	2	Instagram	Sports	UK	Marketer Manager	18874
330	36	non-binary	8	Instagram	Lifestlye	Australia	Software Engineer	13454
331	21	female	7	Facebook	Sports	Australia	Marketer Manager	17329
332	52	non-binary	1	Instagram	Lifestlye	UK	Marketer Manager	11790
333	34	male	5	Facebook	Travel	UK	Marketer Manager	19669
334	61	female	6	Instagram	Lifestlye	United States	Marketer Manager	10885
335	45	non-binary	4	YouTube	Sports	United States	Software Engineer	17734
336	47	male	2	YouTube	Lifestlye	Australia	Marketer Manager	13906
337	46	female	4	YouTube	Sports	Australia	Software Engineer	14492
338	63	male	1	YouTube	Sports	United States	Marketer Manager	19730
339	23	female	7	Facebook	Travel	United States	Student	12073
340	52	male	2	Facebook	Travel	UK	Software Engineer	10312
341	58	male	2	Instagram	Sports	United States	Student	16269
342	54	non-binary	9	YouTube	Lifestlye	United States	Marketer Manager	15317
343	41	male	5	Facebook	Sports	Australia	Marketer Manager	10810
344	46	female	2	Instagram	Sports	United States	Marketer Manager	16841
345	63	female	9	Instagram	Lifestlye	Australia	Software Engineer	12032
346	48	non-binary	9	Facebook	Lifestlye	United States	Student	19699
347	52	female	1	YouTube	Lifestlye	UK	Software Engineer	17129
348	50	female	3	Instagram	Lifestlye	United States	Software Engineer	12705
349	38	female	4	YouTube	Sports	United States	Marketer Manager	18788
350	49	male	7	YouTube	Sports	United States	Student	12147
351	40	male	4	YouTube	Travel	Australia	Marketer Manager	10615
352	50	female	2	Instagram	Sports	UK	Software Engineer	10947
353	20	non-binary	7	YouTube	Lifestlye	United States	Marketer Manager	15677
354	35	male	6	Instagram	Travel	Australia	Student	14651
355	42	non-binary	3	YouTube	Lifestlye	UK	Marketer Manager	17866
356	59	female	6	Instagram	Sports	Australia	Student	12013
357	48	female	6	YouTube	Travel	Australia	Student	13697
358	20	male	5	Facebook	Lifestlye	UK	Marketer Manager	10490
359	57	female	4	YouTube	Travel	United States	Software Engineer	14350
360	63	male	1	YouTube	Travel	Australia	Marketer Manager	12428
361	41	female	6	Instagram	Sports	Australia	Software Engineer	14987
362	49	female	2	Instagram	Lifestlye	United States	Software Engineer	18733
363	64	male	3	YouTube	Travel	United States	Marketer Manager	19479
364	39	male	8	Facebook	Travel	UK	Software Engineer	19825
365	40	male	6	Facebook	Lifestlye	UK	Software Engineer	14920
366	19	female	3	Instagram	Travel	UK	Marketer Manager	12926
367	44	female	7	Facebook	Travel	United States	Marketer Manager	19544
368	59	non-binary	4	YouTube	Travel	Australia	Marketer Manager	17282
369	19	male	9	Instagram	Lifestlye	Australia	Software Engineer	14376
370	43	female	5	YouTube	Lifestlye	UK	Student	19490
371	34	female	3	Instagram	Lifestlye	United States	Software Engineer	14868
372	57	male	2	Instagram	Lifestlye	Australia	Student	16986
373	50	non-binary	2	Instagram	Sports	UK	Marketer Manager	16862
374	26	male	3	Instagram	Travel	Australia	Student	14423
375	60	non-binary	2	Facebook	Lifestlye	Australia	Marketer Manager	16870
376	56	female	4	YouTube	Travel	United States	Marketer Manager	18159
377	46	non-binary	2	YouTube	Travel	United States	Student	12073
378	59	female	9	YouTube	Sports	Australia	Marketer Manager	16170
379	43	male	2	Instagram	Lifestlye	UK	Student	10701
380	52	male	9	Facebook	Lifestlye	United States	Marketer Manager	18113
381	42	male	6	YouTube	Travel	Australia	Software Engineer	16825
382	41	non-binary	1	Facebook	Lifestlye	United States	Software Engineer	17867
383	30	female	4	Instagram	Travel	United States	Marketer Manager	14264
384	24	male	1	YouTube	Travel	United States	Marketer Manager	17968
385	53	male	6	Facebook	Sports	Australia	Student	18146
386	62	female	4	Instagram	Sports	UK	Software Engineer	17776
387	37	male	3	Facebook	Sports	UK	Student	18558
388	18	female	3	YouTube	Travel	UK	Marketer Manager	18719
389	25	female	9	YouTube	Lifestlye	United States	Marketer Manager	14886
390	63	female	6	Instagram	Sports	Australia	Student	13935
391	33	female	9	Instagram	Lifestlye	United States	Marketer Manager	14619
392	31	female	5	Instagram	Sports	UK	Software Engineer	15191
393	29	non-binary	2	Facebook	Sports	UK	Student	16875
394	40	male	8	Facebook	Travel	Australia	Software Engineer	17856
395	32	non-binary	5	Facebook	Sports	United States	Software Engineer	15401
396	45	male	2	Instagram	Sports	UK	Software Engineer	13022
397	51	non-binary	4	YouTube	Travel	Australia	Student	15738
398	19	female	9	YouTube	Lifestlye	United States	Marketer Manager	15984
399	49	male	4	Facebook	Sports	United States	Software Engineer	11770
400	40	male	4	Facebook	Travel	UK	Software Engineer	19969
401	39	non-binary	2	YouTube	Sports	UK	Software Engineer	18989
402	42	non-binary	6	YouTube	Travel	United States	Marketer Manager	13215
403	39	male	2	Facebook	Lifestlye	United States	Marketer Manager	16694
404	39	non-binary	7	Facebook	Lifestlye	UK	Student	12976
405	59	non-binary	3	YouTube	Travel	United States	Marketer Manager	13737
406	23	non-binary	3	Instagram	Travel	UK	Student	19903
407	32	female	5	Facebook	Travel	United States	Student	10752
408	60	female	3	YouTube	Lifestlye	UK	Student	11392
409	54	non-binary	2	YouTube	Sports	Australia	Student	16789
410	50	non-binary	9	YouTube	Lifestlye	UK	Student	10677
411	25	female	2	YouTube	Travel	UK	Software Engineer	10105
412	61	female	2	Instagram	Travel	Australia	Marketer Manager	14753
413	61	male	8	YouTube	Lifestlye	United States	Software Engineer	11946
414	22	male	9	Facebook	Travel	Australia	Student	15544
415	56	female	7	Instagram	Lifestlye	UK	Marketer Manager	11095
416	21	non-binary	3	YouTube	Travel	United States	Software Engineer	16985
417	23	non-binary	9	Instagram	Sports	Australia	Software Engineer	11782
418	62	non-binary	3	Facebook	Sports	United States	Student	14541
419	49	non-binary	5	YouTube	Travel	United States	Software Engineer	13257
420	47	male	9	Facebook	Lifestlye	Australia	Software Engineer	16213
421	64	female	3	YouTube	Sports	United States	Software Engineer	14869
422	52	non-binary	7	YouTube	Lifestlye	Australia	Software Engineer	11561
423	57	male	1	YouTube	Travel	UK	Software Engineer	14006
424	33	non-binary	4	YouTube	Lifestlye	United States	Student	19867
425	30	female	4	YouTube	Sports	UK	Student	19314
426	59	male	7	Instagram	Lifestlye	UK	Software Engineer	13981
427	47	female	8	YouTube	Lifestlye	United States	Student	19493
428	36	female	1	YouTube	Travel	Australia	Student	15682
429	34	male	5	Instagram	Travel	United States	Marketer Manager	15782
430	36	male	7	Instagram	Travel	UK	Software Engineer	10943
431	45	male	4	Instagram	Sports	UK	Student	14550
432	43	male	4	Instagram	Sports	Australia	Student	19137
433	54	male	4	Instagram	Travel	United States	Software Engineer	10600
434	43	male	6	Instagram	Travel	UK	Marketer Manager	16376
435	40	male	7	YouTube	Sports	UK	Software Engineer	19609
436	26	non-binary	2	YouTube	Sports	UK	Marketer Manager	11524
437	29	female	5	Facebook	Sports	Australia	Software Engineer	13766
438	18	male	4	YouTube	Sports	UK	Software Engineer	10250
439	18	non-binary	3	YouTube	Travel	UK	Software Engineer	19736
440	64	non-binary	7	Instagram	Sports	United States	Software Engineer	10078
441	51	non-binary	6	Instagram	Travel	United States	Marketer Manager	13123
442	49	female	7	YouTube	Lifestlye	UK	Marketer Manager	19089
443	42	male	5	Facebook	Lifestlye	UK	Student	17064
444	57	non-binary	6	Instagram	Sports	United States	Software Engineer	18417
445	62	female	5	YouTube	Lifestlye	Australia	Marketer Manager	11209
446	18	female	7	YouTube	Lifestlye	Australia	Marketer Manager	15153
447	33	female	2	Facebook	Lifestlye	Australia	Marketer Manager	14898
448	56	non-binary	5	Facebook	Sports	Australia	Software Engineer	12178
449	22	male	6	Instagram	Sports	Australia	Student	17610
450	39	non-binary	6	Facebook	Lifestlye	Australia	Marketer Manager	18895
451	46	non-binary	5	YouTube	Travel	Australia	Software Engineer	12544
452	20	male	7	YouTube	Lifestlye	Australia	Marketer Manager	15522
453	29	male	8	Facebook	Sports	United States	Marketer Manager	12370
454	43	male	7	Facebook	Sports	Australia	Student	13281
455	33	female	5	Facebook	Sports	Australia	Marketer Manager	14710
456	54	male	1	Facebook	Lifestlye	Australia	Marketer Manager	10328
457	39	non-binary	5	Instagram	Travel	UK	Software Engineer	15579
458	46	male	2	Facebook	Sports	United States	Software Engineer	14228
459	31	non-binary	5	Instagram	Sports	United States	Student	16794
460	45	female	5	YouTube	Lifestlye	United States	Software Engineer	10120
461	22	non-binary	2	Facebook	Travel	Australia	Software Engineer	16749
462	64	non-binary	5	Instagram	Lifestlye	Australia	Student	10964
463	47	male	4	Facebook	Sports	UK	Marketer Manager	14224
464	63	male	1	YouTube	Travel	United States	Student	13675
465	22	non-binary	3	YouTube	Travel	Australia	Software Engineer	15694
466	29	male	1	YouTube	Sports	United States	Student	12076
467	33	female	5	Facebook	Travel	UK	Marketer Manager	16865
468	43	female	4	Facebook	Travel	UK	Student	15643
469	43	male	7	Instagram	Lifestlye	UK	Software Engineer	18524
470	38	female	5	YouTube	Sports	United States	Software Engineer	15249
471	56	male	4	Facebook	Sports	Australia	Student	11316
472	53	non-binary	2	YouTube	Sports	Australia	Marketer Manager	11196
473	50	non-binary	4	YouTube	Sports	UK	Student	13170
474	47	female	2	Instagram	Sports	Australia	Marketer Manager	19621
475	54	male	8	Instagram	Travel	UK	Marketer Manager	10355
476	40	male	3	Instagram	Lifestlye	United States	Student	19718
477	27	female	9	Instagram	Sports	UK	Marketer Manager	10028
478	22	non-binary	4	YouTube	Lifestlye	United States	Software Engineer	11013
479	53	female	6	Instagram	Lifestlye	UK	Student	19019
480	51	non-binary	5	Instagram	Travel	Australia	Marketer Manager	12024
481	48	male	1	Instagram	Sports	Australia	Software Engineer	18490
482	27	non-binary	9	Instagram	Travel	UK	Student	15839
483	36	female	1	YouTube	Sports	Australia	Software Engineer	15791
484	49	male	8	Instagram	Travel	Australia	Software Engineer	10754
485	18	female	9	YouTube	Lifestlye	Australia	Software Engineer	18961
486	22	female	9	Facebook	Sports	United States	Marketer Manager	13735
487	62	non-binary	1	YouTube	Lifestlye	Australia	Student	11238
488	21	female	2	YouTube	Lifestlye	United States	Student	11906
489	33	non-binary	1	Instagram	Travel	UK	Marketer Manager	17399
490	41	male	2	Facebook	Sports	Australia	Student	17961
491	33	non-binary	8	Facebook	Lifestlye	Australia	Software Engineer	19756
492	19	male	5	Facebook	Travel	Australia	Student	19410
493	45	non-binary	7	Facebook	Sports	UK	Marketer Manager	14601
494	49	female	2	YouTube	Sports	United States	Software Engineer	19549
495	44	non-binary	8	Facebook	Lifestlye	United States	Marketer Manager	11460
496	37	non-binary	6	YouTube	Sports	Australia	Software Engineer	17669
497	41	male	8	YouTube	Lifestlye	UK	Software Engineer	11416
498	29	female	1	YouTube	Sports	UK	Student	17766
499	52	non-binary	1	Facebook	Travel	UK	Software Engineer	11428
500	50	female	7	Instagram	Lifestlye	UK	Marketer Manager	14378
501	50	non-binary	8	Instagram	Lifestlye	UK	Student	17529
502	60	non-binary	3	Facebook	Sports	United States	Marketer Manager	14474
503	54	female	5	Instagram	Sports	United States	Software Engineer	13071
504	29	non-binary	1	Instagram	Lifestlye	United States	Marketer Manager	10555
505	20	female	7	YouTube	Sports	Australia	Marketer Manager	18547
506	18	non-binary	5	YouTube	Travel	UK	Software Engineer	11563
507	50	male	8	Facebook	Sports	Australia	Student	11040
508	57	female	8	Facebook	Travel	UK	Marketer Manager	12686
509	27	non-binary	9	Instagram	Travel	United States	Software Engineer	12553
510	60	non-binary	7	YouTube	Travel	Australia	Student	11779
511	61	male	1	Facebook	Travel	United States	Student	10075
512	46	female	3	Facebook	Travel	UK	Student	14326
513	30	non-binary	8	Facebook	Sports	UK	Marketer Manager	15835
514	29	male	3	Facebook	Travel	UK	Marketer Manager	15057
515	48	non-binary	8	Facebook	Sports	United States	Marketer Manager	12349
516	63	female	1	Facebook	Travel	UK	Student	12773
517	19	non-binary	5	Instagram	Lifestlye	United States	Marketer Manager	12262
518	52	non-binary	4	YouTube	Travel	Australia	Software Engineer	13229
519	40	non-binary	5	YouTube	Lifestlye	UK	Marketer Manager	10392
520	34	non-binary	8	Facebook	Travel	UK	Marketer Manager	11108
521	43	male	4	YouTube	Travel	UK	Student	14362
522	25	male	4	YouTube	Travel	Australia	Marketer Manager	15188
523	46	female	3	YouTube	Lifestlye	UK	Software Engineer	18802
524	43	male	7	Facebook	Lifestlye	United States	Student	15057
525	27	male	3	Facebook	Travel	United States	Software Engineer	13998
526	43	female	3	YouTube	Sports	UK	Student	18864
527	51	male	5	YouTube	Travel	UK	Student	16566
528	58	male	5	Facebook	Lifestlye	Australia	Marketer Manager	13677
529	24	female	6	Instagram	Travel	Australia	Software Engineer	15796
530	21	female	8	YouTube	Lifestlye	Australia	Student	16363
531	62	female	6	Instagram	Lifestlye	UK	Marketer Manager	18123
532	28	non-binary	1	YouTube	Lifestlye	Australia	Student	18222
533	46	non-binary	8	Instagram	Travel	Australia	Student	17690
534	53	female	8	Instagram	Lifestlye	United States	Student	11400
535	42	female	9	Instagram	Lifestlye	Australia	Student	14071
536	38	female	9	Facebook	Travel	United States	Student	18808
537	53	non-binary	2	Instagram	Lifestlye	United States	Student	12786
538	27	non-binary	2	Instagram	Travel	Australia	Marketer Manager	17169
539	54	male	3	Instagram	Lifestlye	United States	Student	10870
540	26	male	1	YouTube	Sports	UK	Software Engineer	14196
541	41	female	4	Instagram	Sports	UK	Marketer Manager	19604
542	52	non-binary	4	YouTube	Lifestlye	Australia	Software Engineer	12739
543	52	non-binary	9	Instagram	Sports	UK	Student	10940
544	53	non-binary	9	Instagram	Travel	United States	Software Engineer	10340
545	35	female	9	Facebook	Sports	UK	Student	17422
546	56	male	7	YouTube	Lifestlye	Australia	Student	14133
547	49	female	2	Instagram	Lifestlye	Australia	Marketer Manager	10659
548	41	male	5	YouTube	Travel	United States	Marketer Manager	19752
549	40	male	4	YouTube	Lifestlye	Australia	Student	13457
550	49	female	8	Facebook	Travel	UK	Marketer Manager	19848
551	54	male	2	Facebook	Sports	Australia	Software Engineer	12975
552	29	male	6	Facebook	Sports	United States	Marketer Manager	19241
553	30	non-binary	5	Facebook	Travel	Australia	Marketer Manager	10453
554	40	male	2	Facebook	Travel	UK	Software Engineer	19896
555	42	female	1	Facebook	Lifestlye	United States	Marketer Manager	18184
556	52	female	8	Facebook	Sports	UK	Student	15442
557	58	male	2	Facebook	Travel	United States	Software Engineer	10818
558	47	non-binary	7	Instagram	Sports	Australia	Student	14868
559	34	non-binary	9	YouTube	Travel	United States	Software Engineer	10012
560	37	male	9	Facebook	Sports	United States	Student	17727
561	42	male	8	Facebook	Lifestlye	Australia	Student	10920
562	39	female	9	YouTube	Sports	UK	Marketer Manager	14920
563	30	male	2	Instagram	Sports	Australia	Student	12418
564	36	non-binary	6	YouTube	Sports	United States	Marketer Manager	19506
565	53	male	4	YouTube	Sports	Australia	Software Engineer	16475
566	29	female	4	Facebook	Sports	United States	Student	12017
567	58	female	5	YouTube	Lifestlye	Australia	Student	17957
568	36	female	3	YouTube	Travel	Australia	Software Engineer	19420
569	29	female	1	Facebook	Sports	UK	Software Engineer	14792
570	26	female	8	Facebook	Lifestlye	United States	Student	16830
571	24	male	5	Facebook	Sports	UK	Software Engineer	12434
572	45	male	3	Facebook	Sports	United States	Marketer Manager	12868
573	31	male	7	YouTube	Travel	Australia	Software Engineer	11438
574	48	male	7	YouTube	Sports	United States	Software Engineer	13543
575	36	female	1	Instagram	Lifestlye	UK	Student	11781
576	64	non-binary	9	Instagram	Lifestlye	UK	Marketer Manager	16343
577	33	male	2	YouTube	Travel	UK	Software Engineer	12263
578	22	non-binary	5	Instagram	Sports	United States	Marketer Manager	10211
579	52	male	5	YouTube	Lifestlye	UK	Marketer Manager	18699
580	29	male	8	Instagram	Sports	UK	Marketer Manager	16159
581	42	non-binary	8	Facebook	Sports	UK	Student	17027
582	38	female	7	Instagram	Sports	Australia	Software Engineer	10331
583	53	male	7	Facebook	Travel	Australia	Student	16860
584	40	male	6	Facebook	Sports	United States	Software Engineer	18044
585	33	male	6	Facebook	Lifestlye	United States	Software Engineer	18169
586	56	non-binary	9	Facebook	Sports	UK	Student	18742
587	62	female	6	Instagram	Lifestlye	Australia	Marketer Manager	15720
588	59	non-binary	2	YouTube	Sports	UK	Marketer Manager	19133
589	56	non-binary	2	Facebook	Lifestlye	UK	Software Engineer	10727
590	31	female	5	Instagram	Lifestlye	Australia	Student	14975
591	48	non-binary	4	Facebook	Sports	Australia	Marketer Manager	13243
592	22	female	2	Instagram	Sports	Australia	Marketer Manager	10648
593	52	male	3	Instagram	Lifestlye	United States	Software Engineer	15095
594	40	female	7	Instagram	Travel	United States	Software Engineer	16614
595	46	male	8	YouTube	Sports	UK	Student	17135
596	60	non-binary	6	Instagram	Travel	United States	Software Engineer	11009
597	28	non-binary	5	Instagram	Sports	Australia	Marketer Manager	11550
598	35	male	1	YouTube	Sports	Australia	Marketer Manager	18995
599	64	non-binary	8	YouTube	Sports	United States	Marketer Manager	17492
600	29	female	3	Instagram	Sports	UK	Marketer Manager	13401
601	26	male	6	YouTube	Travel	UK	Student	17447
602	27	non-binary	3	Facebook	Sports	United States	Student	15424
603	61	male	7	Facebook	Lifestlye	UK	Software Engineer	14241
604	34	female	7	YouTube	Lifestlye	UK	Software Engineer	13161
605	55	female	9	YouTube	Travel	UK	Software Engineer	14155
606	24	non-binary	5	Instagram	Sports	Australia	Student	17478
607	63	female	8	YouTube	Lifestlye	Australia	Marketer Manager	18719
608	30	male	8	Instagram	Travel	United States	Software Engineer	19215
609	57	female	1	Facebook	Sports	Australia	Marketer Manager	16617
610	59	male	5	YouTube	Lifestlye	UK	Software Engineer	15660
611	26	male	3	Instagram	Lifestlye	Australia	Software Engineer	18624
612	44	female	1	Instagram	Travel	United States	Software Engineer	11176
613	19	non-binary	4	Facebook	Sports	Australia	Software Engineer	17956
614	22	female	8	YouTube	Sports	UK	Software Engineer	18592
615	46	male	3	Facebook	Lifestlye	UK	Marketer Manager	12233
616	54	male	2	Instagram	Lifestlye	United States	Software Engineer	14700
617	55	female	9	Instagram	Lifestlye	Australia	Marketer Manager	15906
618	36	non-binary	5	YouTube	Sports	Australia	Student	17860
619	25	non-binary	7	Instagram	Travel	Australia	Software Engineer	17526
620	62	male	2	YouTube	Travel	UK	Marketer Manager	15559
621	18	male	9	Facebook	Sports	United States	Student	16732
622	39	non-binary	9	YouTube	Travel	Australia	Student	12513
623	34	female	4	YouTube	Lifestlye	UK	Student	17830
624	24	male	4	Instagram	Travel	UK	Marketer Manager	19965
625	42	male	6	Instagram	Travel	UK	Software Engineer	16944
626	62	non-binary	6	YouTube	Travel	Australia	Software Engineer	17910
627	21	female	1	Instagram	Lifestlye	Australia	Marketer Manager	15649
628	53	non-binary	9	Instagram	Sports	Australia	Software Engineer	11096
629	23	female	2	Instagram	Lifestlye	Australia	Marketer Manager	19120
630	48	female	5	YouTube	Sports	Australia	Software Engineer	11951
631	36	female	9	Instagram	Sports	Australia	Student	19746
632	61	male	4	YouTube	Sports	Australia	Software Engineer	19186
633	56	non-binary	3	Instagram	Travel	Australia	Marketer Manager	17799
634	44	non-binary	7	Facebook	Travel	Australia	Marketer Manager	18804
635	27	female	6	Instagram	Sports	UK	Student	10595
636	43	male	8	Instagram	Sports	Australia	Marketer Manager	17875
637	36	male	3	YouTube	Travel	United States	Software Engineer	19033
638	56	non-binary	5	YouTube	Lifestlye	UK	Software Engineer	14439
639	20	male	4	Instagram	Sports	Australia	Student	15972
640	62	male	4	Facebook	Lifestlye	United States	Marketer Manager	10858
641	30	female	4	Instagram	Travel	Australia	Student	15519
642	45	male	8	Instagram	Sports	United States	Software Engineer	17385
643	37	female	6	Facebook	Lifestlye	United States	Student	18636
644	45	non-binary	3	YouTube	Lifestlye	United States	Marketer Manager	19980
645	25	male	5	Instagram	Lifestlye	United States	Student	14317
646	58	non-binary	6	YouTube	Travel	UK	Marketer Manager	13454
647	56	non-binary	5	YouTube	Travel	UK	Marketer Manager	11030
648	18	male	6	Facebook	Lifestlye	United States	Software Engineer	19487
649	20	male	8	Facebook	Lifestlye	Australia	Software Engineer	17906
650	30	non-binary	7	YouTube	Travel	United States	Software Engineer	11447
651	45	male	5	Instagram	Lifestlye	UK	Marketer Manager	12850
652	42	female	6	YouTube	Lifestlye	Australia	Student	18106
653	50	female	4	Instagram	Travel	UK	Marketer Manager	17151
654	55	male	9	Instagram	Lifestlye	UK	Software Engineer	19503
655	23	non-binary	4	Facebook	Lifestlye	Australia	Software Engineer	16952
656	61	male	1	Instagram	Lifestlye	United States	Student	14055
657	62	male	7	Instagram	Travel	United States	Software Engineer	15402
658	49	non-binary	7	YouTube	Lifestlye	United States	Software Engineer	19281
659	62	non-binary	4	Facebook	Travel	United States	Software Engineer	11672
660	64	female	3	Instagram	Travel	Australia	Student	14532
661	38	non-binary	8	Instagram	Sports	Australia	Marketer Manager	14924
662	33	female	5	Facebook	Sports	Australia	Software Engineer	16085
663	38	non-binary	7	YouTube	Lifestlye	UK	Student	17734
664	28	male	4	Facebook	Travel	Australia	Software Engineer	14864
665	54	female	4	Facebook	Sports	United States	Student	19316
666	53	female	8	Instagram	Lifestlye	UK	Software Engineer	11221
667	52	female	8	Instagram	Sports	United States	Student	12860
668	36	male	2	YouTube	Sports	United States	Software Engineer	18428
669	37	male	2	Instagram	Travel	Australia	Marketer Manager	19336
670	35	male	3	Instagram	Travel	Australia	Software Engineer	13253
671	64	male	3	Facebook	Sports	United States	Student	13782
672	58	male	1	Instagram	Sports	United States	Software Engineer	16957
673	31	female	3	YouTube	Travel	UK	Marketer Manager	10766
674	32	male	6	Facebook	Lifestlye	Australia	Software Engineer	12681
675	48	female	8	YouTube	Travel	UK	Student	17710
676	18	male	6	Facebook	Sports	UK	Student	17482
677	20	non-binary	5	Instagram	Lifestlye	UK	Marketer Manager	15086
678	33	female	4	Facebook	Sports	United States	Student	17964
679	40	non-binary	3	Facebook	Lifestlye	UK	Software Engineer	12665
680	28	female	4	Instagram	Sports	UK	Software Engineer	19951
681	29	non-binary	7	Instagram	Lifestlye	United States	Software Engineer	13513
682	27	male	1	YouTube	Lifestlye	Australia	Student	10495
683	49	male	7	YouTube	Sports	Australia	Software Engineer	15822
684	33	male	1	Instagram	Lifestlye	UK	Software Engineer	12072
685	25	female	2	Instagram	Travel	United States	Software Engineer	17795
686	55	non-binary	4	Instagram	Sports	Australia	Marketer Manager	18529
687	29	male	1	Facebook	Travel	UK	Student	13949
688	41	non-binary	9	Facebook	Sports	UK	Student	16033
689	45	non-binary	6	Facebook	Lifestlye	United States	Student	18328
690	25	male	1	Instagram	Lifestlye	UK	Marketer Manager	12555
691	45	male	1	YouTube	Lifestlye	Australia	Student	16370
692	53	non-binary	6	Instagram	Sports	United States	Marketer Manager	14415
693	43	male	4	Facebook	Travel	Australia	Marketer Manager	15959
694	25	male	4	Facebook	Travel	Australia	Student	19107
695	45	male	6	Instagram	Sports	Australia	Software Engineer	15993
696	45	female	7	Instagram	Sports	UK	Software Engineer	15021
697	54	non-binary	9	Facebook	Travel	UK	Student	12907
698	58	non-binary	5	Facebook	Travel	Australia	Student	12914
699	53	female	9	Facebook	Travel	Australia	Marketer Manager	13870
700	44	non-binary	4	Instagram	Travel	United States	Student	19190
701	34	male	2	Facebook	Sports	United States	Marketer Manager	15085
702	26	non-binary	3	Facebook	Sports	UK	Student	16546
703	50	male	1	YouTube	Lifestlye	UK	Software Engineer	10395
704	37	female	6	Instagram	Travel	United States	Software Engineer	10938
705	30	male	6	YouTube	Lifestlye	Australia	Student	19828
706	45	non-binary	1	YouTube	Sports	UK	Marketer Manager	12510
707	46	non-binary	3	Facebook	Sports	Australia	Software Engineer	14636
708	30	non-binary	5	Instagram	Lifestlye	United States	Marketer Manager	11649
709	63	female	3	Facebook	Travel	UK	Student	13690
710	52	female	3	Instagram	Travel	UK	Student	13435
711	23	non-binary	3	YouTube	Travel	United States	Software Engineer	13201
712	35	male	5	Instagram	Travel	UK	Student	14179
713	22	female	5	Facebook	Lifestlye	United States	Software Engineer	18405
714	64	non-binary	4	Facebook	Lifestlye	UK	Marketer Manager	13237
715	42	non-binary	1	Facebook	Sports	United States	Software Engineer	13862
716	19	female	5	Instagram	Travel	UK	Software Engineer	10058
717	27	female	5	YouTube	Travel	Australia	Marketer Manager	14938
718	47	female	4	YouTube	Travel	Australia	Software Engineer	12971
719	62	male	6	Instagram	Lifestlye	Australia	Software Engineer	19719
720	22	male	4	Facebook	Travel	UK	Student	18314
721	50	non-binary	7	YouTube	Lifestlye	UK	Marketer Manager	19628
722	18	female	7	Facebook	Travel	Australia	Software Engineer	19354
723	35	male	2	Instagram	Travel	Australia	Marketer Manager	13345
724	49	female	3	Facebook	Sports	United States	Marketer Manager	12486
725	64	non-binary	1	YouTube	Travel	United States	Software Engineer	10561
726	28	male	8	YouTube	Travel	United States	Student	13981
727	38	male	9	Facebook	Sports	Australia	Marketer Manager	16261
728	43	male	4	Instagram	Lifestlye	Australia	Software Engineer	11737
729	42	non-binary	6	Facebook	Lifestlye	Australia	Marketer Manager	19096
730	39	female	9	Instagram	Travel	United States	Student	13554
731	44	male	6	Facebook	Lifestlye	UK	Student	19918
732	30	non-binary	9	YouTube	Travel	Australia	Student	19126
733	50	female	4	Instagram	Sports	UK	Software Engineer	17095
734	51	non-binary	8	Instagram	Sports	UK	Software Engineer	18266
735	58	female	9	Instagram	Travel	UK	Student	10294
736	52	non-binary	4	YouTube	Sports	United States	Software Engineer	18212
737	18	female	5	Facebook	Sports	UK	Student	19230
738	38	male	8	YouTube	Travel	Australia	Software Engineer	15330
739	23	female	6	Instagram	Travel	United States	Student	14655
740	45	non-binary	7	Facebook	Sports	Australia	Marketer Manager	11109
741	34	non-binary	3	YouTube	Lifestlye	Australia	Student	13771
742	22	female	7	Instagram	Lifestlye	United States	Student	18563
743	48	male	8	Instagram	Travel	Australia	Software Engineer	16123
744	22	male	6	YouTube	Travel	Australia	Software Engineer	17647
745	55	female	9	YouTube	Lifestlye	United States	Software Engineer	11174
746	20	female	6	YouTube	Sports	Australia	Software Engineer	11164
747	40	non-binary	9	Instagram	Lifestlye	UK	Software Engineer	19284
748	54	male	4	YouTube	Lifestlye	Australia	Software Engineer	19475
749	54	female	8	Instagram	Lifestlye	UK	Marketer Manager	19037
750	27	male	4	YouTube	Lifestlye	Australia	Student	18712
751	27	female	2	Instagram	Travel	United States	Student	14466
752	36	female	9	Instagram	Travel	United States	Student	15538
753	34	male	5	Facebook	Sports	Australia	Marketer Manager	17111
754	38	female	4	YouTube	Sports	United States	Student	18434
755	31	female	2	YouTube	Sports	Australia	Marketer Manager	12800
756	26	non-binary	1	Instagram	Sports	United States	Marketer Manager	14607
757	63	female	7	Instagram	Lifestlye	UK	Marketer Manager	17262
758	18	female	6	Instagram	Travel	Australia	Student	11541
759	62	female	2	Facebook	Travel	UK	Marketer Manager	12765
760	30	non-binary	8	Facebook	Sports	UK	Student	14491
761	21	male	4	Instagram	Sports	Australia	Student	13083
762	18	non-binary	8	YouTube	Lifestlye	UK	Software Engineer	15356
763	57	non-binary	7	YouTube	Lifestlye	Australia	Software Engineer	11857
764	49	male	5	Facebook	Sports	UK	Marketer Manager	10769
765	51	non-binary	8	Facebook	Travel	Australia	Marketer Manager	11422
766	45	male	9	Instagram	Travel	Australia	Student	18598
767	48	non-binary	5	YouTube	Travel	United States	Marketer Manager	12972
768	25	male	5	Instagram	Sports	Australia	Marketer Manager	11872
769	56	female	2	Facebook	Travel	Australia	Student	15599
770	43	non-binary	5	YouTube	Lifestlye	UK	Marketer Manager	12269
771	51	non-binary	3	YouTube	Lifestlye	Australia	Marketer Manager	15275
772	20	non-binary	7	Facebook	Sports	United States	Student	14749
773	29	non-binary	5	Instagram	Lifestlye	UK	Student	16571
774	18	female	8	Instagram	Sports	UK	Software Engineer	19373
775	61	non-binary	1	YouTube	Travel	United States	Student	15072
776	22	female	3	Facebook	Travel	UK	Software Engineer	19631
777	47	female	3	YouTube	Travel	UK	Marketer Manager	15463
778	47	female	9	Facebook	Lifestlye	UK	Student	17450
779	34	female	5	Instagram	Sports	UK	Student	18420
780	64	male	9	Facebook	Travel	United States	Student	13959
781	40	male	9	Instagram	Sports	United States	Marketer Manager	11313
782	32	non-binary	1	Facebook	Travel	UK	Software Engineer	17847
783	54	male	2	YouTube	Lifestlye	UK	Marketer Manager	11070
784	38	male	5	Instagram	Lifestlye	United States	Marketer Manager	19166
785	31	non-binary	4	YouTube	Sports	United States	Student	19930
786	19	non-binary	9	YouTube	Lifestlye	United States	Software Engineer	13285
787	28	non-binary	7	Instagram	Lifestlye	UK	Marketer Manager	18949
788	56	male	6	Instagram	Sports	UK	Student	13095
789	55	male	7	YouTube	Travel	Australia	Marketer Manager	10320
790	51	non-binary	1	YouTube	Lifestlye	United States	Marketer Manager	12321
791	55	female	1	YouTube	Sports	UK	Student	10555
792	51	non-binary	8	YouTube	Lifestlye	United States	Student	14939
793	35	female	2	Instagram	Lifestlye	UK	Software Engineer	15432
794	47	female	9	Instagram	Lifestlye	United States	Marketer Manager	11386
795	32	non-binary	7	YouTube	Lifestlye	UK	Student	14763
796	44	non-binary	6	Facebook	Sports	Australia	Student	16854
797	51	non-binary	1	Facebook	Sports	Australia	Software Engineer	17637
798	55	male	1	Instagram	Sports	United States	Software Engineer	14841
799	50	female	2	YouTube	Lifestlye	UK	Student	13867
800	41	male	6	YouTube	Lifestlye	UK	Software Engineer	13793
801	32	male	6	Instagram	Lifestlye	United States	Student	17373
802	47	non-binary	2	Facebook	Sports	UK	Marketer Manager	12513
803	59	male	1	Facebook	Lifestlye	United States	Software Engineer	13803
804	34	non-binary	5	Facebook	Travel	UK	Marketer Manager	12327
805	22	female	5	Instagram	Lifestlye	United States	Marketer Manager	18809
806	46	non-binary	2	Facebook	Travel	UK	Marketer Manager	12165
807	21	male	6	Instagram	Lifestlye	United States	Student	13308
808	27	male	9	Instagram	Sports	UK	Marketer Manager	16452
809	34	non-binary	2	YouTube	Lifestlye	Australia	Marketer Manager	18067
810	27	non-binary	2	Facebook	Travel	UK	Marketer Manager	17642
811	34	male	3	Instagram	Travel	United States	Student	16404
812	37	female	7	Facebook	Lifestlye	Australia	Marketer Manager	10992
813	41	female	6	Facebook	Travel	UK	Marketer Manager	15424
814	22	non-binary	8	YouTube	Travel	Australia	Software Engineer	19569
815	51	female	8	Facebook	Sports	UK	Student	14381
816	23	male	6	YouTube	Lifestlye	Australia	Marketer Manager	13174
817	19	non-binary	3	Instagram	Lifestlye	United States	Software Engineer	14782
818	30	male	3	Facebook	Lifestlye	UK	Student	19497
819	60	male	1	Instagram	Travel	UK	Student	15560
820	60	female	7	Facebook	Lifestlye	United States	Student	17460
821	28	non-binary	5	Instagram	Lifestlye	Australia	Student	13078
822	64	non-binary	4	Facebook	Sports	United States	Student	12983
823	40	female	4	Facebook	Sports	United States	Student	17259
824	33	male	4	Facebook	Sports	Australia	Marketer Manager	16054
825	48	male	6	Facebook	Travel	United States	Marketer Manager	12523
826	28	male	8	Facebook	Lifestlye	UK	Marketer Manager	19677
827	33	male	8	Facebook	Sports	UK	Marketer Manager	14581
828	25	non-binary	5	Facebook	Sports	UK	Software Engineer	15609
829	21	non-binary	6	Facebook	Sports	United States	Marketer Manager	12001
830	57	female	4	Facebook	Lifestlye	UK	Student	11387
831	21	female	9	Instagram	Lifestlye	UK	Marketer Manager	16552
832	42	non-binary	8	YouTube	Lifestlye	UK	Marketer Manager	11030
833	20	non-binary	1	Facebook	Travel	UK	Student	19957
834	49	male	2	YouTube	Travel	UK	Marketer Manager	11220
835	20	male	9	Facebook	Sports	UK	Marketer Manager	16035
836	44	female	8	Facebook	Lifestlye	United States	Marketer Manager	19810
837	46	non-binary	3	Instagram	Sports	UK	Software Engineer	19455
838	49	female	8	Instagram	Lifestlye	UK	Marketer Manager	16523
839	36	non-binary	1	YouTube	Lifestlye	Australia	Student	18074
840	38	male	4	Instagram	Lifestlye	United States	Student	19063
841	22	female	3	Instagram	Travel	United States	Marketer Manager	10834
842	35	female	6	YouTube	Travel	United States	Marketer Manager	19110
843	45	non-binary	7	Instagram	Lifestlye	United States	Marketer Manager	11724
844	59	male	4	Facebook	Sports	UK	Student	16598
845	39	female	7	YouTube	Lifestlye	UK	Student	12413
846	38	male	9	YouTube	Lifestlye	Australia	Software Engineer	19505
847	23	female	2	Facebook	Sports	Australia	Software Engineer	15993
848	18	male	3	Instagram	Lifestlye	United States	Software Engineer	14498
849	22	non-binary	5	YouTube	Sports	Australia	Student	12105
850	58	female	3	YouTube	Travel	Australia	Software Engineer	12568
851	29	female	8	Facebook	Travel	United States	Marketer Manager	19330
852	43	male	8	Facebook	Sports	United States	Marketer Manager	10209
853	63	male	8	Instagram	Travel	Australia	Student	19256
854	51	female	9	YouTube	Travel	UK	Software Engineer	14911
855	31	non-binary	4	Instagram	Sports	Australia	Marketer Manager	12220
856	43	male	5	Instagram	Travel	Australia	Student	10233
857	62	male	5	Facebook	Lifestlye	UK	Software Engineer	10792
858	44	male	8	YouTube	Lifestlye	UK	Marketer Manager	13110
859	26	female	7	YouTube	Sports	United States	Software Engineer	12166
860	43	female	9	YouTube	Travel	United States	Student	18526
861	64	female	8	Facebook	Lifestlye	Australia	Software Engineer	19551
862	39	female	2	Facebook	Lifestlye	UK	Student	15193
863	64	non-binary	4	Facebook	Travel	United States	Software Engineer	11214
864	47	non-binary	6	Facebook	Travel	Australia	Marketer Manager	14419
865	60	female	2	Facebook	Lifestlye	UK	Student	17314
866	34	non-binary	7	YouTube	Lifestlye	Australia	Student	18475
867	43	male	3	Instagram	Sports	United States	Student	10212
868	53	male	3	YouTube	Sports	United States	Software Engineer	11658
869	18	male	2	Instagram	Lifestlye	UK	Software Engineer	15024
870	25	female	8	Facebook	Sports	Australia	Marketer Manager	19609
871	52	male	6	Instagram	Lifestlye	UK	Student	15917
872	32	non-binary	1	YouTube	Lifestlye	United States	Student	15141
873	64	female	1	YouTube	Sports	United States	Software Engineer	11794
874	39	non-binary	7	Instagram	Sports	Australia	Software Engineer	15988
875	31	male	8	Facebook	Travel	Australia	Marketer Manager	18296
876	43	male	5	Facebook	Travel	Australia	Marketer Manager	15578
877	45	male	5	YouTube	Travel	UK	Software Engineer	15551
878	40	female	4	Instagram	Lifestlye	Australia	Student	13845
879	31	non-binary	6	Facebook	Sports	Australia	Marketer Manager	16906
880	41	female	6	Facebook	Lifestlye	United States	Software Engineer	10378
881	19	female	3	YouTube	Sports	United States	Software Engineer	13293
882	62	male	9	Facebook	Lifestlye	Australia	Student	13329
883	43	female	7	Instagram	Travel	Australia	Software Engineer	14808
884	31	female	1	YouTube	Travel	United States	Software Engineer	17937
885	24	male	7	YouTube	Travel	Australia	Marketer Manager	10224
886	20	female	5	Instagram	Lifestlye	UK	Software Engineer	10737
887	64	male	5	YouTube	Sports	UK	Software Engineer	10235
888	40	male	2	Facebook	Sports	UK	Marketer Manager	10711
889	63	male	4	Facebook	Travel	Australia	Student	15988
890	60	male	6	Instagram	Travel	United States	Student	11888
891	64	female	7	Facebook	Travel	Australia	Marketer Manager	17173
892	62	male	5	Instagram	Travel	Australia	Marketer Manager	11259
893	35	male	9	Instagram	Sports	United States	Student	15246
894	55	female	3	Facebook	Lifestlye	United States	Student	17271
895	52	female	1	Instagram	Lifestlye	United States	Student	10748
896	32	non-binary	4	Facebook	Lifestlye	UK	Student	13551
897	42	female	9	YouTube	Lifestlye	Australia	Student	16400
898	54	female	4	YouTube	Travel	United States	Marketer Manager	16643
899	45	non-binary	2	Instagram	Travel	Australia	Software Engineer	18701
900	27	female	5	Facebook	Travel	UK	Student	11823
901	56	female	3	Facebook	Lifestlye	UK	Student	16852
902	34	female	9	YouTube	Travel	United States	Software Engineer	17777
903	56	female	4	YouTube	Travel	United States	Software Engineer	14232
904	39	non-binary	6	Facebook	Sports	Australia	Software Engineer	16519
905	43	female	2	Instagram	Sports	United States	Software Engineer	11777
906	61	female	6	YouTube	Travel	Australia	Software Engineer	11222
907	42	non-binary	3	Instagram	Sports	United States	Software Engineer	17630
908	34	male	9	Instagram	Sports	Australia	Marketer Manager	11777
909	30	non-binary	2	YouTube	Travel	Australia	Software Engineer	19496
910	37	male	9	Instagram	Travel	Australia	Software Engineer	17490
911	42	non-binary	5	Instagram	Travel	Australia	Marketer Manager	14859
912	21	non-binary	8	Facebook	Travel	UK	Software Engineer	18893
913	27	female	2	Instagram	Lifestlye	Australia	Student	18118
914	20	male	6	Facebook	Lifestlye	United States	Student	12989
915	58	female	3	YouTube	Travel	UK	Software Engineer	18343
916	62	male	5	YouTube	Sports	UK	Marketer Manager	11325
917	35	non-binary	8	Facebook	Travel	Australia	Student	19493
918	64	non-binary	1	YouTube	Travel	UK	Marketer Manager	19903
919	53	male	5	Instagram	Sports	Australia	Student	15127
920	64	female	3	Instagram	Lifestlye	United States	Software Engineer	18998
921	39	female	4	Instagram	Travel	Australia	Marketer Manager	12722
922	51	female	2	YouTube	Travel	UK	Marketer Manager	14656
923	64	female	9	Instagram	Lifestlye	United States	Marketer Manager	11325
924	25	non-binary	3	YouTube	Lifestlye	Australia	Student	14133
925	57	non-binary	2	Instagram	Sports	United States	Student	19351
926	61	non-binary	9	Facebook	Lifestlye	United States	Student	12869
927	36	non-binary	7	YouTube	Lifestlye	UK	Software Engineer	11242
928	59	non-binary	6	YouTube	Lifestlye	United States	Student	18539
929	58	female	1	Instagram	Sports	UK	Software Engineer	11831
930	54	female	5	YouTube	Lifestlye	United States	Marketer Manager	11569
931	23	female	3	YouTube	Lifestlye	Australia	Marketer Manager	17246
932	43	female	1	Facebook	Sports	United States	Software Engineer	11918
933	51	non-binary	4	Facebook	Lifestlye	Australia	Student	16416
934	62	non-binary	2	Instagram	Lifestlye	Australia	Software Engineer	13232
935	23	non-binary	2	Facebook	Sports	United States	Marketer Manager	13758
936	54	male	3	Instagram	Travel	Australia	Marketer Manager	15997
937	50	female	8	Instagram	Sports	United States	Software Engineer	12355
938	39	female	8	Instagram	Lifestlye	United States	Student	19589
939	38	non-binary	7	YouTube	Lifestlye	Australia	Student	11824
940	23	female	6	Facebook	Lifestlye	Australia	Software Engineer	17280
941	23	female	9	Instagram	Sports	UK	Software Engineer	14060
942	21	non-binary	4	Facebook	Lifestlye	Australia	Student	15324
943	47	male	1	Instagram	Lifestlye	UK	Marketer Manager	10404
944	28	male	8	Facebook	Sports	Australia	Software Engineer	11721
945	47	male	7	Facebook	Travel	United States	Student	15316
946	48	non-binary	7	Instagram	Travel	Australia	Student	13845
947	41	female	3	YouTube	Lifestlye	United States	Marketer Manager	14210
948	26	non-binary	4	Facebook	Sports	United States	Marketer Manager	10064
949	20	non-binary	9	YouTube	Lifestlye	United States	Marketer Manager	19491
950	48	female	6	YouTube	Sports	UK	Marketer Manager	16382
951	57	male	5	Instagram	Sports	Australia	Marketer Manager	19607
952	54	male	3	Instagram	Travel	United States	Software Engineer	10968
953	53	non-binary	9	Instagram	Travel	United States	Student	10368
954	41	male	5	Facebook	Sports	UK	Software Engineer	18424
955	48	non-binary	5	Instagram	Lifestlye	Australia	Software Engineer	12242
956	23	non-binary	4	Instagram	Travel	Australia	Software Engineer	15002
957	19	female	4	Facebook	Lifestlye	UK	Software Engineer	13083
958	37	female	1	Facebook	Travel	UK	Software Engineer	18073
959	45	female	7	Instagram	Travel	Australia	Marketer Manager	19112
960	28	non-binary	9	Instagram	Lifestlye	UK	Marketer Manager	18880
961	21	female	3	Instagram	Travel	Australia	Student	11469
962	32	male	2	Instagram	Travel	Australia	Software Engineer	14725
963	23	male	3	YouTube	Lifestlye	United States	Student	14259
964	47	non-binary	1	YouTube	Travel	United States	Marketer Manager	13622
965	55	non-binary	6	Instagram	Travel	Australia	Marketer Manager	10823
966	19	female	7	YouTube	Travel	Australia	Marketer Manager	13431
967	32	non-binary	2	Facebook	Lifestlye	Australia	Software Engineer	16528
968	28	non-binary	8	YouTube	Sports	Australia	Software Engineer	14151
969	25	male	6	YouTube	Lifestlye	Australia	Marketer Manager	14213
970	43	male	4	Instagram	Sports	Australia	Student	17420
971	62	female	5	YouTube	Travel	UK	Student	18989
972	61	non-binary	8	YouTube	Sports	Australia	Marketer Manager	10779
973	22	non-binary	3	YouTube	Lifestlye	UK	Student	12892
974	23	male	3	YouTube	Lifestlye	UK	Marketer Manager	15534
975	43	non-binary	4	Facebook	Travel	Australia	Student	13306
976	21	male	1	Instagram	Sports	Australia	Marketer Manager	12902
977	36	female	9	Instagram	Travel	UK	Student	13718
978	37	male	8	Facebook	Travel	UK	Software Engineer	10021
979	50	non-binary	8	YouTube	Lifestlye	Australia	Marketer Manager	11500
980	37	female	6	Facebook	Sports	Australia	Marketer Manager	19034
981	29	male	7	YouTube	Sports	UK	Student	19952
982	64	male	6	Facebook	Sports	UK	Marketer Manager	13641
983	18	female	9	Instagram	Sports	UK	Marketer Manager	15212
984	43	female	3	Instagram	Travel	United States	Marketer Manager	10191
985	31	male	3	Instagram	Travel	UK	Software Engineer	18587
986	55	non-binary	3	YouTube	Lifestlye	United States	Software Engineer	17174
987	54	male	3	YouTube	Travel	Australia	Student	15114
988	28	female	9	Facebook	Travel	Australia	Software Engineer	14662
989	53	male	4	Facebook	Lifestlye	UK	Student	14326
990	30	female	7	Instagram	Lifestlye	Australia	Software Engineer	19065
991	60	female	9	YouTube	Lifestlye	Australia	Student	14335
992	20	non-binary	7	Facebook	Travel	Australia	Software Engineer	18281
993	50	female	9	YouTube	Travel	Australia	Software Engineer	18648
994	23	female	3	YouTube	Lifestlye	United States	Student	19196
995	27	non-binary	4	Instagram	Lifestlye	United States	Marketer Manager	15494
996	22	female	8	Instagram	Lifestlye	UK	Marketer Manager	18536
997	40	non-binary	6	YouTube	Travel	UK	Software Engineer	12711
998	27	non-binary	5	YouTube	Travel	UK	Student	17595
999	61	female	4	YouTube	Sports	Australia	Marketer Manager	16273
1000	19	female	8	YouTube	Travel	Australia	Student	16284
